ocr_result_id,page_no,id,jgroupid_string,cif_number,settlement_at,maker_name_original,maker_name,maker_com_code,issue_date_rightside_date,issue_date,due_date_rightside_date,due_date,balance_rightside,balance,payment_bank_name_rightside,payment_bank_name,payment_bank_branch_name_rightside,payment_bank_branch_name,description_rightside,description
,,1,000,816167,202507,科目,科目,,名称(氏名),名称(氏名),所在地(住所),所在地(住所),,,期末現在高,期末現在高,摘要,摘要,,
,,2,000,816167,202507,売掛金,売掛金,,西松建設(株),西松建設(株),東京都港区虎ノ門1-20-10,東京都港区虎ノ門1-20-10,,,138836224,138836224,,,,
,,3,000,816167,202507,同上,同上,,ShanghaiNachineryement,ShanghaiNachineryement,"24/F.,LiangyouMansion618ShangchengRd.Shanghai,Chin","24/F.,LiangyouMansion618ShangchengRd.Shanghai,Chin",,,49750000,49750000,,,,
,,4,000,816167,202507,同上,同上,,前田建設工業(株),前田建設工業(株),大阪府大阪市中央区久太郎町2-5-3,大阪府大阪市中央区久太郎町2-5-3,,,42198410,42198410,,,,
,,5,000,816167,202507,同上,同上,,大興物産(株),大興物産(株),東京都港区虎ノ門4-1-17神谷町プライムプレイス6F,東京都港区虎ノ門4-1-17神谷町プライムプレイス6F,,,34642319,34642319,,,,
,,6,000,816167,202507,同上,同上,,(株)クボタ建設,(株)クボタ建設,大阪府大阪市浪速区敷津東1-2-47,大阪府大阪市浪速区敷津東1-2-47,,,32865100,32865100,,,,
,,7,000,816167,202507,同上,同上,,(株)奥村組,(株)奥村組,大阪府大阪市阿倍野区松崎町2-2-2,大阪府大阪市阿倍野区松崎町2-2-2,,,22187000,22187000,,,,
,,8,000,816167,202507,同上,同上,,TERRATECLTD,TERRATECLTD,"HongKongKowloonModyRD,68,4F","HongKongKowloonModyRD,68,4F",,,18017973,18017973,,,,
,,9,000,816167,202507,同上,同上,,大成建設(株),大成建設(株),大阪府大阪市中央区南船場1-14-10,大阪府大阪市中央区南船場1-14-10,,,16629830,16629830,,,,
,,10,000,816167,202507,同上,同上,,青山機工(株),青山機工(株),東京都台東区北上野2-18-4MIテラス上野,東京都台東区北上野2-18-4MIテラス上野,,,14540984,14540984,,,,
,,11,000,816167,202507,同上,同上,,佐藤工業,佐藤工業,大阪府大阪市中央区北浜1-1-6,大阪府大阪市中央区北浜1-1-6,,,13620354,13620354,,,,
,,12,000,816167,202507,同上,同上,,成和リニューアルワークス(株),成和リニューアルワークス(株),東京都南徳大本木1-6-1,東京都南徳大本木1-6-1,,,13397170,13397170,,,,
,,13,000,816167,202507,同上,同上,,戸田建設(株),戸田建設(株),大阪府大阪市西区西本町1-13-47,大阪府大阪市西区西本町1-13-47,,,8497602,8497602,,,,
,,14,000,816167,202507,同上,同上,,ChinaRailwayEngineeringEquip,ChinaRailwayEngineeringEquip,HenanProvincePeople’sRepublicofChina,HenanProvincePeople’sRepublicofChina,,,8236596,8236596,,,,
,,15,000,816167,202507,同上,同上,,E&CS,E&CS,東京都港区港南1-8-15,東京都港区港南1-8-15,,,7873209,7873209,,,,
,,16,000,816167,202507,同上,同上,,(株)熊谷組,(株)熊谷組,東京都新宿区津久戸町2-1,東京都新宿区津久戸町2-1,,,6814579,6814579,,,,
,,17,000,816167,202507,同上,同上,,(株)鴻池組,(株)鴻池組,大阪府大阪市中央区北久宝寺町3-6-1,大阪府大阪市中央区北久宝寺町3-6-1,,,5875832,5875832,,,,
,,18,000,816167,202507,同上,同上,,飛島建設(株),飛島建設(株),東京都港区港南1-8-15,東京都港区港南1-8-15,,,5688158,5688158,,,,
,,19,000,816167,202507,同上,同上,,地中空間開発,地中空間開発,大阪府大阪市北区堂島1-5-30,大阪府大阪市北区堂島1-5-30,,,5401000,5401000,,,,
,,20,000,816167,202507,同上,同上,,テッケン興産(株),テッケン興産(株),東京都文京区湯島1-6-7,東京都文京区湯島1-6-7,,,4576646,4576646,,,,
,,21,000,816167,202507,同上,同上,,SHIMIZU-FUJITA-TAKENAKA-EEI,SHIMIZU-FUJITA-TAKENAKA-EEI,"LOT3B-4A,MINDANAOAVE,GATENO.02NRVMMC-VGCCLUBHOUSE,P","LOT3B-4A,MINDANAOAVE,GATENO.02NRVMMC-VGCCLUBHOUSE,P",,,4495000,4495000,,,,
,,22,000,816167,202507,同上,同上,,カジマメカトロエンジニアリング(株),カジマメカトロエンジニアリング(株),東京都港区元赤坂1-1-5,東京都港区元赤坂1-1-5,,,3520000,3520000,,,,
,,23,000,816167,202507,同上,同上,,"SHANGHAITIANHAOINDUSTRIALCO.,","SHANGHAITIANHAOINDUSTRIALCO.,","Jing’anDistrict,Shanghai,20070,P.R.China","Jing’anDistrict,Shanghai,20070,P.R.China",,,2060000,2060000,,,,
,,24,000,816167,202507,同上,同上,,GULERMAK,GULERMAK,"SecondFloor,12/483,GalaxyTower,MacrobertGanj,KanpurNa","SecondFloor,12/483,GalaxyTower,MacrobertGanj,KanpurNa",,,2002300,2002300,,,,
,,25,000,816167,202507,同上,同上,,キザイテクト(株),キザイテクト(株),愛知県名古屋市西区堀越2-3-20,愛知県名古屋市西区堀越2-3-20,,,1099406,1099406,,,,
,,26,000,816167,202507,同上,同上,,(株)エスシー・マシーナリ,(株)エスシー・マシーナリ,神奈川県横浜市瀬谷区比町25-9,神奈川県横浜市瀬谷区比町25-9,,,1090100,1090100,,,,
,,27,000,816167,202507,同上,同上,,J.KumarInfraprojects,J.KumarInfraprojects,"VileParle(East),Mumbai400057,Maharashtra,India","VileParle(East),Mumbai400057,Maharashtra,India",,,920000,920000,,,,
,,28,000,816167,202507,合計,合計,,,,,,,,,,,,,
